Item,Purpose,Price,Quantity,Source,URL
Raspberry Pi Pico,Mirco-controller,$1.99,1,Aliexpress,https://www.aliexpress.com/item/3256807207612469.html?spm=a2g0o.cart.0.0.6ac438dadamcUQ&mp=1&sourceType=570&pdp_npi=6%40dis%21USD%21USD%208.66%21USD%202.39%21%21USD%201.98%21%21%21%402101d3fe17861144495612456e0f9a%2112000040565295947%21ct%21US%217294405090%21%211%210%21&pdp_ext_f=%7B%22cart2PdpParams%22%3A%7B%22sourceType%22%3A%22570%22%2C%22cartSource%22%3A%22main%22%7D%7D
1N5817 DO-41,USB_C VBUS,$1.79,x1,Aliexpress,https://www.aliexpress.com/item/3256809192784213.html?spm=a2g0o.cart.0.0.6ac438dadamcUQ&mp=1&pdp_npi=6%40dis%21USD%21USD%203.83%21USD%201.92%21%21USD%201.92%21%21%21%402103119c17861142221435145e2191%2112000048926087942%21ct%21US%217294405090%21%211%210%21
Keycaps,for the Keys,$4.73,x80,Aliexpress,https://www.aliexpress.com/item/3256808108935624.html?spm=a2g0o.cart.0.0.6ac438dadamcUQ&mp=1&pdp_npi=6%40dis%21USD%21USD%204.73%21USD%204.73%21%21USD%204.73%21%21%21%402103119c17861142221435145e2191%2112000044523183095%21ct%21US%217294405090%21%211%210%21
Plate Mounted Stabilizers,stab for space bar etc,$2.99,has one 6.25u and two 2u,Aliexpress,https://www.aliexpress.com/item/3256808467378574.html?spm=a2g0o.cart.0.0.6ac438dadamcUQ&mp=1&sourceType=570&pdp_npi=6%40dis%21USD%21USD%203.32%21USD%202.99%21%21USD%202.47%21%21%21%402101d3fe17861144495612456e0f9a%2112000046108045634%21ct%21US%217294405090%21%211%210%21&pdp_ext_f=%7B%22cart2PdpParams%22%3A%7B%22sourceType%22%3A%22570%22%2C%22cartSource%22%3A%22main%22%7D%7D
SMD turtle switches,Reset button,$2.19,x1,Aliexpress,https://www.aliexpress.com/item/3256805092773328.html?spm=a2g0o.cart.0.0.6ac438dadamcUQ&mp=1&sourceType=570&pdp_npi=6%40dis%21USD%21USD%202.25%21USD%202.19%21%21USD%201.81%21%21%21%402101d3fe17861144495612456e0f9a%2112000032466018228%21ct%21US%217294405090%21%211%210%21&pdp_ext_f=%7B%22cart2PdpParams%22%3A%7B%22sourceType%22%3A%22570%22%2C%22cartSource%22%3A%22main%22%7D%7D
Hot Swap Sockets,hot swap keys,$6.20,x80,Aliexpress,https://www.aliexpress.com/item/3256809001206372.html?spm=a2g0o.cart.0.0.6ac438dadamcUQ&mp=1&pdp_npi=6%40dis%21USD%21USD%2017.45%21USD%206.20%21%21USD%206.20%21%21%21%402101d3fe17861144435192279e0f9a%2112000048235529402%21ct%21US%217294405090%21%211%210%21
Silent Axis switch,switches,$7.66,x80,Aliexpress,https://www.aliexpress.com/item/3256812192263951.html?spm=a2g0o.cart.0.0.6ac438dadamcUQ&mp=1&pdp_npi=6%40dis%21USD%21USD%2018.05%21USD%207.66%21%21USD%207.66%21%21%21%402103119c17861142221435145e2191%2112000058235272628%21ct%21US%217294405090%21%211%210%21
Type C Female,PCB for power,$2.24,x1,Aliexpress,https://www.aliexpress.com/item/3256804989275660.html?spm=a2g0o.cart.0.0.6ac438dadamcUQ&mp=1&pdp_npi=6%40dis%21USD%21USD%202.27%21USD%202.26%21%21USD%202.26%21%21%21%402101d3fe17861144455232342e0f9a%2112000031972190842%21ct%21US%217294405090%21%211%210%21
Solder,soldering,$2.14,x1,Aliexpress,https://www.aliexpress.com/item/3256812349220377.html?spm=a2g0o.cart.0.0.6ac438dadamcUQ&mp=1&pdp_npi=6%40dis%21USD%21USD%204.45%21USD%202.14%21%21USD%202.14%21%21%21%402103119c17861142221435145e2191%2112000058646043574%21ct%21US%217294405090%21%211%210%21
5.1k resistors,for ground near usb-c,$2.48,x2,Aliexpress,https://www.aliexpress.com/item/3256811592848349.html?spm=a2g0o.cart.0.0.6ac438dadamcUQ&mp=1&pdp_npi=6%40dis%21USD%21USD%203.01%21USD%202.42%21%21USD%202.42%21%21%21%402103119c17861142221435145e2191%2112000056534710480%21ct%21US%217294405090%21%211%210%21
IN4148 DO-31,matrix,$1.92,x81,Aliexpress,https://www.aliexpress.com/item/3256809322506944.html?spm=a2g0o.cart.0.0.6ac438dadamcUQ&mp=1&sourceType=570&pdp_npi=6%40dis%21USD%21USD%203.81%21USD%201.79%21%21USD%201.22%21%21%21%402101d9ef17861148559937041e10b8%2112000049319061688%21ct%21US%217294405090%21%211%210%21&pdp_ext_f=%7B%22cart2PdpParams%22%3A%7B%22sourceType%22%3A%22570%22%2C%22cartSource%22%3A%22main%22%7D%7D
Heat Inserts,To mount plate,$0.00,2,Already Owned,
M2.5 x 15mm bolts,Mount plate,$0.00,2,Already Owned,
Rotary Encoder,Volume knob,$0.00,1,Already Owned,
PCB,Connects everything,$39.36,1,JLCPCB,https://jlcpcb.com/
3D Prints,case for all the parts,$0.00,,Printing Legion,
Sub-Total+Tax,,$37.48,,Aliexpress,
Total,,$76.84,,All Combined,
